ChoralPosition,0
first,0.204951065054692
last,0.7559009786989062
middle,0.03914795624640184
