Jahrzehnt,0
#NV,0.0
#WERT!,0.0
1700,0.0
1710,0.008539709649871904
1720,0.0020885547201336674
1730,0.012974976830398516
1740,0.0003104625892579944
1750,0.0
