Jahrzehnt,0
#NV,0.0
#WERT!,0.0
1700,0.0
1710,0.0025619128949615714
1720,0.003341687552213868
1730,0.003243744207599629
1740,0.0003104625892579944
1750,0.0
